Workbook

Sheet DollarAmounts
A1: Date | B1: 15 days or less | C1: 16-90 days | D1: 91 days-1 year | E1: 1-5 year | F1: 5-10 year | G1: 10+ year | H1: Total
A2: 37608 | B2: 47253 | C2: 134262 | D2: 140816 | E2: 173935 | F2: 53295 | G2: 79836 | H2: 629397
A3: 37615 | B3: 33670 | C3: 146846 | D3: 141815 | E3: 173936 | F3: 53298 | G3: 79838 | H3: 629402
A4: 37622 | B4: 27444 | C4: 154225 | D4: 141840 | E4: 172758 | F4: 53300 | G4: 79840 | H4: 629406
A5: 37629 | B5: 42439 | C5: 138513 | D5: 142557 | E5: 172758 | F5: 53300 | G5: 79840 | H5: 629406
A6: 37636 | B6: 43631 | C6: 136918 | D6: 142959 | E6: 174818 | F6: 51240 | G6: 79840 | H6: 629406
A7: 37643 | B7: 50618 | C7: 129676 | D7: 143215 | E7: 174818 | F7: 51240 | G7: 79840 | H7: 629406
A8: 37650 | B8: 49592 | C8: 130709 | D8: 143207 | E8: 174818 | F8: 51240 | G8: 79840 | H8: 629406
A9: 37657 | B9: 45981 | C9: 134667 | D9: 142243 | E9: 175434 | F9: 51239 | G9: 79837 | H9: 629401
A10: 37664 | B10: 44507 | C10: 136637 | D10: 142780 | E10: 175832 | F10: 51356 | G10: 79834 | H10: 630947
A11: 37671 | B11: 46317 | C11: 131154 | D11: 145010 | E11: 177990 | F11: 50961 | G11: 79831 | H11: 631263
A12: 37678 | B12: 45075 | C12: 133699 | D12: 146752 | E12: 178982 | F12: 51659 | G12: 79828 | H12: 635996
A13: 37685 | B13: 35519 | C13: 140723 | D13: 149160 | E13: 180176 | F13: 51730 | G13: 79831 | H13: 637139
... A1199: 45987 | B1199: 57441 | C1199: 209782 | D1199: 430300 | E1199: 1409933 | F1199: 491053 | G1199: 1592716 | H1199: 4191225

Sheet pvt_maturities
A3: Date | B3: 15 days or less | C3: 16-90 days | D3: 91 days-1 year | E3: 1-5 year | F3: 5-10 year | G3: 10+ year
A4: 37608 | B4: 47253 | C4: 134262 | D4: 140816 | E4: 173935 | F4: 53295 | G4: 79836
A5: 37615 | B5: 33670 | C5: 146846 | D5: 141815 | E5: 173936 | F5: 53298 | G5: 79838
A6: 37622 | B6: 27444 | C6: 154225 | D6: 141840 | E6: 172758 | F6: 53300 | G6: 79840
A7: 37629 | B7: 42439 | C7: 138513 | D7: 142557 | E7: 172758 | F7: 53300 | G7: 79840
A8: 37636 | B8: 43631 | C8: 136918 | D8: 142959 | E8: 174818 | F8: 51240 | G8: 79840
A9: 37643 | B9: 50618 | C9: 129676 | D9: 143215 | E9: 174818 | F9: 51240 | G9: 79840
A10: 37650 | B10: 49592 | C10: 130709 | D10: 143207 | E10: 174818 | F10: 51240 | G10: 79840
A11: 37657 | B11: 45981 | C11: 134667 | D11: 142243 | E11: 175434 | F11: 51239 | G11: 79837
A12: 37664 | B12: 44507 | C12: 136637 | D12: 142780 | E12: 175832 | F12: 51356 | G12: 79834
A13: 37671 | B13: 46317 | C13: 131154 | D13: 145010 | E13: 177990 | F13: 50961 | G13: 79831
A14: 37678 | B14: 45075 | C14: 133699 | D14: 146752 | E14: 178982 | F14: 51659 | G14: 79828
A15: 37685 | B15: 35519 | C15: 140723 | D15: 149160 | E15: 180176 | F15: 51730 | G15: 79831
... A1201: 45987 | B1201: 57441 | C1201: 209782 | D1201: 430300 | E1201: 1409933 | F1201: 491053 | G1201: 1592716

Sheet Proportion
A1: Date | B1: 15 days or less | C1: 16-90 days | D1: 91 days-1 year | E1: 1-5 year | F1: 5-10 year | G1: 10+ year | H1: Total
A2: 37608 | B2: =DollarAmounts!$B2/$H2 -> 0.075076621 | C2: =DollarAmounts!$C2/$H2 -> 0.21331846 | D2: =DollarAmounts!$D2/$H2 -> 0.2237316 | E2: =DollarAmounts!$E2/$H2 -> 0.27635181 | F2: =DollarAmounts!$F2/$H2 -> 0.084676285 | G2: =DollarAmounts!$G2/$H2 -> 0.12684522 | H2: =DollarAmounts!H2 -> 629397
A3: 37615 | B3: =DollarAmounts!$B3/H3 -> 0.053495222 | C3: =DollarAmounts!$C3/$H3 -> 0.23331035 | D3: =DollarAmounts!$D3/$H3 -> 0.22531705 | E3: =DollarAmounts!$E3/$H3 -> 0.2763512 | F3: =DollarAmounts!$F3/$H3 -> 0.084680379 | G3: =DollarAmounts!$G3/$H3 -> 0.12684739 | H3: =DollarAmounts!H3 -> 629402
A4: 37622 | B4: =DollarAmounts!$B4/H4 -> 0.043603016 | C4: =DollarAmounts!$C4/$H4 -> 0.24503262 | D4: =DollarAmounts!$D4/$H4 -> 0.22535534 | E4: =DollarAmounts!$E4/$H4 -> 0.27447784 | F4: =DollarAmounts!$F4/$H4 -> 0.084683019 | G4: =DollarAmounts!$G4/$H4 -> 0.12684976 | H4: =DollarAmounts!H4 -> 629406
A5: 37629 | B5: =DollarAmounts!$B5/H5 -> 0.067427066 | C5: =DollarAmounts!$C5/$H5 -> 0.2200694 | D5: =DollarAmounts!$D5/$H5 -> 0.2264945 | E5: =DollarAmounts!$E5/$H5 -> 0.27447784 | F5: =DollarAmounts!$F5/$H5 -> 0.084683019 | G5: =DollarAmounts!$G5/$H5 -> 0.12684976 | H5: =DollarAmounts!H5 -> 629406
A6: 37636 | B6: =DollarAmounts!$B6/H6 -> 0.069320915 | C6: =DollarAmounts!$C6/$H6 -> 0.21753526 | D6: =DollarAmounts!$D6/$H6 -> 0.2271332 | E6: =DollarAmounts!$E6/$H6 -> 0.27775077 | F6: =DollarAmounts!$F6/$H6 -> 0.081410091 | G6: =DollarAmounts!$G6/$H6 -> 0.12684976 | H6: =DollarAmounts!H6 -> 629406
A7: 37643 | B7: =DollarAmounts!$B7/H7 -> 0.080421858 | C7: =DollarAmounts!$C7/$H7 -> 0.20602918 | D7: =DollarAmounts!$D7/$H7 -> 0.22753993 | E7: =DollarAmounts!$E7/$H7 -> 0.27775077 | F7: =DollarAmounts!$F7/$H7 -> 0.081410091 | G7: =DollarAmounts!$G7/$H7 -> 0.12684976 | H7: =DollarAmounts!H7 -> 629406
A8: 37650 | B8: =DollarAmounts!$B8/H8 -> 0.07879175 | C8: =DollarAmounts!$C8/$H8 -> 0.20767041 | D8: =DollarAmounts!$D8/$H8 -> 0.22752722 | E8: =DollarAmounts!$E8/$H8 -> 0.27775077 | F8: =DollarAmounts!$F8/$H8 -> 0.081410091 | G8: =DollarAmounts!$G8/$H8 -> 0.12684976 | H8: =DollarAmounts!H8 -> 629406
A9: 37657 | B9: =DollarAmounts!$B9/H9 -> 0.073055175 | C9: =DollarAmounts!$C9/$H9 -> 0.21396058 | D9: =DollarAmounts!$D9/$H9 -> 0.22599742 | E9: =DollarAmounts!$E9/$H9 -> 0.27873168 | F9: =DollarAmounts!$F9/$H9 -> 0.081409149 | G9: =DollarAmounts!$G9/$H9 -> 0.126846 | H9: =DollarAmounts!H9 -> 629401
A10: 37664 | B10: =DollarAmounts!$B10/H10 -> 0.070539998 | C10: =DollarAmounts!$C10/$H10 -> 0.2165586 | D10: =DollarAmounts!$D10/$H10 -> 0.22629476 | E10: =DollarAmounts!$E10/$H10 -> 0.27867951 | F10: =DollarAmounts!$F10/$H10 -> 0.081395109 | G10: =DollarAmounts!$G10/$H10 -> 0.12653044 | H10: =DollarAmounts!H10 -> 630947
A11: 37671 | B11: =DollarAmounts!$B11/H11 -> 0.073371954 | C11: =DollarAmounts!$C11/$H11 -> 0.20776443 | D11: =DollarAmounts!$D11/$H11 -> 0.22971408 | E11: =DollarAmounts!$E11/$H11 -> 0.28195855 | F11: =DollarAmounts!$F11/$H11 -> 0.080728634 | G11: =DollarAmounts!$G11/$H11 -> 0.12646235 | H11: =DollarAmounts!H11 -> 631263
A12: 37678 | B12: =DollarAmounts!$B12/H12 -> 0.070873087 | C12: =DollarAmounts!$C12/$H12 -> 0.21021988 | D12: =DollarAmounts!$D12/$H12 -> 0.23074359 | E12: =DollarAmounts!$E12/$H12 -> 0.28142001 | F12: =DollarAmounts!$F12/$H12 -> 0.081225354 | G12: =DollarAmounts!$G12/$H12 -> 0.12551651 | H12: =DollarAmounts!H12 -> 635996
A13: 37685 | B13: =DollarAmounts!$B13/H13 -> 0.055747647 | C13: =DollarAmounts!$C13/$H13 -> 0.22086703 | D13: =DollarAmounts!$D13/$H13 -> 0.23410904 | E13: =DollarAmounts!$E13/$H13 -> 0.28278916 | F13: =DollarAmounts!$F13/$H13 -> 0.081191074 | G13: =DollarAmounts!$G13/$H13 -> 0.12529605 | H13: =DollarAmounts!H13 -> 637139
A14: 37692 | B14: =DollarAmounts!$B14/H14 -> 0.055278262 | C14: =DollarAmounts!$C14/$H14 -> 0.22204148 | D14: =DollarAmounts!$D14/$H14 -> 0.2345917 | E14: =DollarAmounts!$E14/$H14 -> 0.28209653 | F14: =DollarAmounts!$F14/$H14 -> 0.080997129 | G14: =DollarAmounts!$G14/$H14 -> 0.12499648 | H14: =DollarAmounts!H14 -> 638714
... A1199: 45987 | B1199: =DollarAmounts!$B1199/H1199 -> 0.013705062 | C1199: =DollarAmounts!$C1199/$H1199 -> 0.05005267 | D1199: =DollarAmounts!$D1199/$H1199 -> 0.10266688 | E1199: =DollarAmounts!$E1199/$H1199 -> 0.33640117 | F1199: =DollarAmounts!$F1199/$H1199 -> 0.11716217 | G1199: =DollarAmounts!$G1199/$H1199 -> 0.38001205 | H1199: =DollarAmounts!H1199 -> 4191225
