Workbook

Sheet rawdata
A1: Record Date | B1: Security Type Description | C1: Security Class Description | D1: Debt Held by the Public (in Millions) | E1: Intragovernmental Holdings (in Millions) | F1: Total Public Debt Outstanding (in Millions)
A2: 38656 | B2: Total Public Debt Outstanding | C2: _ | D2: 4650515.8 | E2: 3376607.1 | F2: 8027122.9
A3: 38656 | B3: Marketable | C3: Bills | D3: 932553.63 | E3: 4042.335 | F3: 936595.96
A4: 38656 | B4: Marketable | C4: Bonds | D4: 520490.68 | E4: 211.087 | F4: 520701.76
A5: 38656 | B5: Marketable | C5: Treasury Inflation-Protected Securities | D5: 323917.9 | E5: 108.555 | F5: 324026.45
A6: 38656 | B6: Marketable | C6: Notes | D6: 2335502.8 | E6: 468.772 | F6: 2335971.6
A7: 38656 | B7: Marketable | C7: Federal Financing Bank | D7: 0 | E7: 14000 | F7: 14000.01
A8: 38656 | B8: Total Marketable | C8: _ | D8: 4112465 | E8: 18830.749 | F8: 4131295.8
A9: 38656 | B9: Nonmarketable | C9: Domestic Series | D9: 29995.18 | E9: 0 | F9: 29995.18
A10: 38656 | B10: Nonmarketable | C10: State and Local Government Series | D10: 226929.12 | E10: 0 | F10: 226929.12
A11: 38656 | B11: Nonmarketable | C11: United States Savings Securities | D11: 203889.99 | E11: 0 | F11: 203889.99
A12: 38656 | B12: Nonmarketable | C12: Government Account Series | D12: 68939.014 | E12: 3357776.3 | F12: 3426716.4
A13: 38656 | B13: Nonmarketable | C13: Foreign Series | D13: 3085.649 | E13: 0 | F13: 3085.649
... A3638: 45961 | B3638: Total Public Debt Outstanding | C3638: _ | D3638: 30570708 | E3638: 7469385.4 | F3638: 38040094

Sheet transformed_data
A1: Date | B1: Bills | C1: Notes | D1: Bonds | E1: Other Marketable | F1: Total Nonmarketable | G1: Total Debt held by the Public | H1: Total Intragovernmental Debt | I1: Total Outstanding National Debt
A2: {=_xlfn.UNIQUE(rawdata!A2:A3638)} -> 38656 | B2: {=_xlfn._xlws.FILTER(rawdata!$F$2:$F$3638,(rawdata!$A$2:$A$3638=transformed_data!$A2)*(rawdata!$C$2:$C$3638=transformed_data!B$1))} -> 936595.96 | C2: {=_xlfn._xlws.FILTER(rawdata!$F$2:$F$3638,(rawdata!$A$2:$A$3638=transformed_data!$A2)*(rawdata!$C$2:$C$3638=transformed_data!C$1))} -> 2335971.6 | D2: {=_xlfn._xlws.FILTER(rawdata!$F$2:$F$3638,(rawdata!$A$2:$A$3638=transformed_data!$A2)*(rawdata!$C$2:$C$3638=transformed_data!D$1))} -> 520701.76 | E2: {=SUM(-B2:D2,_xlfn._xlws.FILTER(rawdata!$F$2:$F$3638,(rawdata!$A$2:$A$3638=transformed_data!$A2)*(rawdata!$B$2:$B$3638="Total Marketable")))} -> 338026.46 | F2: {=_xlfn._xlws.FILTER(rawdata!$F$2:$F$3638,(rawdata!$A$2:$A$3638=transformed_data!$A2)*(rawdata!$B$2:$B$3638="Total Nonmarketable"))} -> 3895828.2 | G2: {=_xlfn._xlws.FILTER(rawdata!$D$2:$D$3638,(rawdata!$A$2:$A$3638=transformed_data!$A2)*(rawdata!$B$2:$B$3638="Total Public Debt Outstanding"))} -> 4650515.8 | H2: {=_xlfn._xlws.FILTER(rawdata!$E$2:$E$3638,(rawdata!$A$2:$A$3638=transformed_data!$A2)*(rawdata!$B$2:$B$3638="Total Public Debt Outstanding"))} -> 3376607.1 | I2: {=_xlfn._xlws.FILTER(rawdata!$F$2:$F$3638,(rawdata!$A$2:$A$3638=transformed_data!$A2)*(rawdata!$B$2:$B$3638="Total Public Debt Outstanding"))} -> 8027122.9
A3: 38686 | B3: {=_xlfn._xlws.FILTER(rawdata!$F$2:$F$3638,(rawdata!$A$2:$A$3638=transformed_data!$A3)*(rawdata!$C$2:$C$3638=transformed_data!B$1))} -> 986934.12 | C3: {=_xlfn._xlws.FILTER(rawdata!$F$2:$F$3638,(rawdata!$A$2:$A$3638=transformed_data!$A3)*(rawdata!$C$2:$C$3638=transformed_data!C$1))} -> 2339795 | D3: {=_xlfn._xlws.FILTER(rawdata!$F$2:$F$3638,(rawdata!$A$2:$A$3638=transformed_data!$A3)*(rawdata!$C$2:$C$3638=transformed_data!D$1))} -> 516627 | E3: {=SUM(-B3:D3,_xlfn._xlws.FILTER(rawdata!$F$2:$F$3638,(rawdata!$A$2:$A$3638=transformed_data!$A3)*(rawdata!$B$2:$B$3638="Total Marketable")))} -> 341907.34 | F3: {=_xlfn._xlws.FILTER(rawdata!$F$2:$F$3638,(rawdata!$A$2:$A$3638=transformed_data!$A3)*(rawdata!$B$2:$B$3638="Total Nonmarketable"))} -> 3907058.1 | G3: {=_xlfn._xlws.FILTER(rawdata!$D$2:$D$3638,(rawdata!$A$2:$A$3638=transformed_data!$A3)*(rawdata!$B$2:$B$3638="Total Public Debt Outstanding"))} -> 4709403 | H3: {=_xlfn._xlws.FILTER(rawdata!$E$2:$E$3638,(rawdata!$A$2:$A$3638=transformed_data!$A3)*(rawdata!$B$2:$B$3638="Total Public Debt Outstanding"))} -> 3382919.4 | I3: {=_xlfn._xlws.FILTER(rawdata!$F$2:$F$3638,(rawdata!$A$2:$A$3638=transformed_data!$A3)*(rawdata!$B$2:$B$3638="Total Public Debt Outstanding"))} -> 8092321.5
A4: 38717 | B4: {=_xlfn._xlws.FILTER(rawdata!$F$2:$F$3638,(rawdata!$A$2:$A$3638=transformed_data!$A4)*(rawdata!$C$2:$C$3638=transformed_data!B$1))} -> 963866.81 | C4: {=_xlfn._xlws.FILTER(rawdata!$F$2:$F$3638,(rawdata!$A$2:$A$3638=transformed_data!$A4)*(rawdata!$C$2:$C$3638=transformed_data!C$1))} -> 2360793.5 | D4: {=_xlfn._xlws.FILTER(rawdata!$F$2:$F$3638,(rawdata!$A$2:$A$3638=transformed_data!$A4)*(rawdata!$C$2:$C$3638=transformed_data!D$1))} -> 516621 | E4: {=SUM(-B4:D4,_xlfn._xlws.FILTER(rawdata!$F$2:$F$3638,(rawdata!$A$2:$A$3638=transformed_data!$A4)*(rawdata!$B$2:$B$3638="Total Marketable")))} -> 342677.79 | F4: {=_xlfn._xlws.FILTER(rawdata!$F$2:$F$3638,(rawdata!$A$2:$A$3638=transformed_data!$A4)*(rawdata!$B$2:$B$3638="Total Nonmarketable"))} -> 3986454.3 | G4: {=_xlfn._xlws.FILTER(rawdata!$D$2:$D$3638,(rawdata!$A$2:$A$3638=transformed_data!$A4)*(rawdata!$B$2:$B$3638="Total Public Debt Outstanding"))} -> 4714820.6 | H4: {=_xlfn._xlws.FILTER(rawdata!$E$2:$E$3638,(rawdata!$A$2:$A$3638=transformed_data!$A4)*(rawdata!$B$2:$B$3638="Total Public Debt Outstanding"))} -> 3455592.4 | I4: {=_xlfn._xlws.FILTER(rawdata!$F$2:$F$3638,(rawdata!$A$2:$A$3638=transformed_data!$A4)*(rawdata!$B$2:$B$3638="Total Public Debt Outstanding"))} -> 8170414.3
A5: 38748 | B5: {=_xlfn._xlws.FILTER(rawdata!$F$2:$F$3638,(rawdata!$A$2:$A$3638=transformed_data!$A5)*(rawdata!$C$2:$C$3638=transformed_data!B$1))} -> 956249.82 | C5: {=_xlfn._xlws.FILTER(rawdata!$F$2:$F$3638,(rawdata!$A$2:$A$3638=transformed_data!$A5)*(rawdata!$C$2:$C$3638=transformed_data!C$1))} -> 2361102.4 | D5: {=_xlfn._xlws.FILTER(rawdata!$F$2:$F$3638,(rawdata!$A$2:$A$3638=transformed_data!$A5)*(rawdata!$C$2:$C$3638=transformed_data!D$1))} -> 516618.8 | E5: {=SUM(-B5:D5,_xlfn._xlws.FILTER(rawdata!$F$2:$F$3638,(rawdata!$A$2:$A$3638=transformed_data!$A5)*(rawdata!$B$2:$B$3638="Total Marketable")))} -> 360860.59 | F5: {=_xlfn._xlws.FILTER(rawdata!$F$2:$F$3638,(rawdata!$A$2:$A$3638=transformed_data!$A5)*(rawdata!$B$2:$B$3638="Total Nonmarketable"))} -> 4001239.2 | G5: {=_xlfn._xlws.FILTER(rawdata!$D$2:$D$3638,(rawdata!$A$2:$A$3638=transformed_data!$A5)*(rawdata!$B$2:$B$3638="Total Public Debt Outstanding"))} -> 4724636.9 | H5: {=_xlfn._xlws.FILTER(rawdata!$E$2:$E$3638,(rawdata!$A$2:$A$3638=transformed_data!$A5)*(rawdata!$B$2:$B$3638="Total Public Debt Outstanding"))} -> 3471432.8 | I5: {=_xlfn._xlws.FILTER(rawdata!$F$2:$F$3638,(rawdata!$A$2:$A$3638=transformed_data!$A5)*(rawdata!$B$2:$B$3638="Total Public Debt Outstanding"))} -> 8196069.8
A6: 38776 | B6: {=_xlfn._xlws.FILTER(rawdata!$F$2:$F$3638,(rawdata!$A$2:$A$3638=transformed_data!$A6)*(rawdata!$C$2:$C$3638=transformed_data!B$1))} -> 999561.13 | C6: {=_xlfn._xlws.FILTER(rawdata!$F$2:$F$3638,(rawdata!$A$2:$A$3638=transformed_data!$A6)*(rawdata!$C$2:$C$3638=transformed_data!C$1))} -> 2391742 | D6: {=_xlfn._xlws.FILTER(rawdata!$F$2:$F$3638,(rawdata!$A$2:$A$3638=transformed_data!$A6)*(rawdata!$C$2:$C$3638=transformed_data!D$1))} -> 526716.48 | E6: {=SUM(-B6:D6,_xlfn._xlws.FILTER(rawdata!$F$2:$F$3638,(rawdata!$A$2:$A$3638=transformed_data!$A6)*(rawdata!$B$2:$B$3638="Total Marketable")))} -> 359550.74 | F6: {=_xlfn._xlws.FILTER(rawdata!$F$2:$F$3638,(rawdata!$A$2:$A$3638=transformed_data!$A6)*(rawdata!$B$2:$B$3638="Total Nonmarketable"))} -> 3992315 | G6: {=_xlfn._xlws.FILTER(rawdata!$D$2:$D$3638,(rawdata!$A$2:$A$3638=transformed_data!$A6)*(rawdata!$B$2:$B$3638="Total Public Debt Outstanding"))} -> 4771117.3 | H6: {=_xlfn._xlws.FILTER(rawdata!$E$2:$E$3638,(rawdata!$A$2:$A$3638=transformed_data!$A6)*(rawdata!$B$2:$B$3638="Total Public Debt Outstanding"))} -> 3498768.9 | I6: {=_xlfn._xlws.FILTER(rawdata!$F$2:$F$3638,(rawdata!$A$2:$A$3638=transformed_data!$A6)*(rawdata!$B$2:$B$3638="Total Public Debt Outstanding"))} -> 8269886.3
A7: 38807 | B7: {=_xlfn._xlws.FILTER(rawdata!$F$2:$F$3638,(rawdata!$A$2:$A$3638=transformed_data!$A7)*(rawdata!$C$2:$C$3638=transformed_data!B$1))} -> 1042050 | C7: {=_xlfn._xlws.FILTER(rawdata!$F$2:$F$3638,(rawdata!$A$2:$A$3638=transformed_data!$A7)*(rawdata!$C$2:$C$3638=transformed_data!C$1))} -> 2409746.8 | D7: {=_xlfn._xlws.FILTER(rawdata!$F$2:$F$3638,(rawdata!$A$2:$A$3638=transformed_data!$A7)*(rawdata!$C$2:$C$3638=transformed_data!D$1))} -> 526703.66 | E7: {=SUM(-B7:D7,_xlfn._xlws.FILTER(rawdata!$F$2:$F$3638,(rawdata!$A$2:$A$3638=transformed_data!$A7)*(rawdata!$B$2:$B$3638="Total Marketable")))} -> 361899.16 | F7: {=_xlfn._xlws.FILTER(rawdata!$F$2:$F$3638,(rawdata!$A$2:$A$3638=transformed_data!$A7)*(rawdata!$B$2:$B$3638="Total Nonmarketable"))} -> 4030757.1 | G7: {=_xlfn._xlws.FILTER(rawdata!$D$2:$D$3638,(rawdata!$A$2:$A$3638=transformed_data!$A7)*(rawdata!$B$2:$B$3638="Total Public Debt Outstanding"))} -> 4872484.6 | H7: {=_xlfn._xlws.FILTER(rawdata!$E$2:$E$3638,(rawdata!$A$2:$A$3638=transformed_data!$A7)*(rawdata!$B$2:$B$3638="Total Public Debt Outstanding"))} -> 3498672 | I7: {=_xlfn._xlws.FILTER(rawdata!$F$2:$F$3638,(rawdata!$A$2:$A$3638=transformed_data!$A7)*(rawdata!$B$2:$B$3638="Total Public Debt Outstanding"))} -> 8371155.7
A8: 38837 | B8: {=_xlfn._xlws.FILTER(rawdata!$F$2:$F$3638,(rawdata!$A$2:$A$3638=transformed_data!$A8)*(rawdata!$C$2:$C$3638=transformed_data!B$1))} -> 965107.25 | C8: {=_xlfn._xlws.FILTER(rawdata!$F$2:$F$3638,(rawdata!$A$2:$A$3638=transformed_data!$A8)*(rawdata!$C$2:$C$3638=transformed_data!C$1))} -> 2409739.9 | D8: {=_xlfn._xlws.FILTER(rawdata!$F$2:$F$3638,(rawdata!$A$2:$A$3638=transformed_data!$A8)*(rawdata!$C$2:$C$3638=transformed_data!D$1))} -> 526701.76 | E8: {=SUM(-B8:D8,_xlfn._xlws.FILTER(rawdata!$F$2:$F$3638,(rawdata!$A$2:$A$3638=transformed_data!$A8)*(rawdata!$B$2:$B$3638="Total Marketable")))} -> 381656.38 | F8: {=_xlfn._xlws.FILTER(rawdata!$F$2:$F$3638,(rawdata!$A$2:$A$3638=transformed_data!$A8)*(rawdata!$B$2:$B$3638="Total Nonmarketable"))} -> 4072512.6 | G8: {=_xlfn._xlws.FILTER(rawdata!$D$2:$D$3638,(rawdata!$A$2:$A$3638=transformed_data!$A8)*(rawdata!$B$2:$B$3638="Total Public Debt Outstanding"))} -> 4819948.6 | H8: {=_xlfn._xlws.FILTER(rawdata!$E$2:$E$3638,(rawdata!$A$2:$A$3638=transformed_data!$A8)*(rawdata!$B$2:$B$3638="Total Public Debt Outstanding"))} -> 3535769.2 | I8: {=_xlfn._xlws.FILTER(rawdata!$F$2:$F$3638,(rawdata!$A$2:$A$3638=transformed_data!$A8)*(rawdata!$B$2:$B$3638="Total Public Debt Outstanding"))} -> 8355717.9
A9: 38868 | B9: {=_xlfn._xlws.FILTER(rawdata!$F$2:$F$3638,(rawdata!$A$2:$A$3638=transformed_data!$A9)*(rawdata!$C$2:$C$3638=transformed_data!B$1))} -> 954441.12 | C9: {=_xlfn._xlws.FILTER(rawdata!$F$2:$F$3638,(rawdata!$A$2:$A$3638=transformed_data!$A9)*(rawdata!$C$2:$C$3638=transformed_data!C$1))} -> 2407985.6 | D9: {=_xlfn._xlws.FILTER(rawdata!$F$2:$F$3638,(rawdata!$A$2:$A$3638=transformed_data!$A9)*(rawdata!$C$2:$C$3638=transformed_data!D$1))} -> 523165.91 | E9: {=SUM(-B9:D9,_xlfn._xlws.FILTER(rawdata!$F$2:$F$3638,(rawdata!$A$2:$A$3638=transformed_data!$A9)*(rawdata!$B$2:$B$3638="Total Marketable")))} -> 383650.95 | F9: {=_xlfn._xlws.FILTER(rawdata!$F$2:$F$3638,(rawdata!$A$2:$A$3638=transformed_data!$A9)*(rawdata!$B$2:$B$3638="Total Nonmarketable"))} -> 4087533.4 | G9: {=_xlfn._xlws.FILTER(rawdata!$D$2:$D$3638,(rawdata!$A$2:$A$3638=transformed_data!$A9)*(rawdata!$B$2:$B$3638="Total Public Debt Outstanding"))} -> 4807517.3 | H9: {=_xlfn._xlws.FILTER(rawdata!$E$2:$E$3638,(rawdata!$A$2:$A$3638=transformed_data!$A9)*(rawdata!$B$2:$B$3638="Total Public Debt Outstanding"))} -> 3549259.7 | I9: {=_xlfn._xlws.FILTER(rawdata!$F$2:$F$3638,(rawdata!$A$2:$A$3638=transformed_data!$A9)*(rawdata!$B$2:$B$3638="Total Public Debt Outstanding"))} -> 8356777
A10: 38898 | B10: {=_xlfn._xlws.FILTER(rawdata!$F$2:$F$3638,(rawdata!$A$2:$A$3638=transformed_data!$A10)*(rawdata!$C$2:$C$3638=transformed_data!B$1))} -> 916706.52 | C10: {=_xlfn._xlws.FILTER(rawdata!$F$2:$F$3638,(rawdata!$A$2:$A$3638=transformed_data!$A10)*(rawdata!$C$2:$C$3638=transformed_data!C$1))} -> 2427397.2 | D10: {=_xlfn._xlws.FILTER(rawdata!$F$2:$F$3638,(rawdata!$A$2:$A$3638=transformed_data!$A10)*(rawdata!$C$2:$C$3638=transformed_data!D$1))} -> 523157.03 | E10: {=SUM(-B10:D10,_xlfn._xlws.FILTER(rawdata!$F$2:$F$3638,(rawdata!$A$2:$A$3638=transformed_data!$A10)*(rawdata!$B$2:$B$3638="Total Marketable")))} -> 386756.68 | F10: {=_xlfn._xlws.FILTER(rawdata!$F$2:$F$3638,(rawdata!$A$2:$A$3638=transformed_data!$A10)*(rawdata!$B$2:$B$3638="Total Nonmarketable"))} -> 4166024 | G10: {=_xlfn._xlws.FILTER(rawdata!$D$2:$D$3638,(rawdata!$A$2:$A$3638=transformed_data!$A10)*(rawdata!$B$2:$B$3638="Total Public Debt Outstanding"))} -> 4797204.3 | H10: {=_xlfn._xlws.FILTER(rawdata!$E$2:$E$3638,(rawdata!$A$2:$A$3638=transformed_data!$A10)*(rawdata!$B$2:$B$3638="Total Public Debt Outstanding"))} -> 3622838.2 | I10: {=_xlfn._xlws.FILTER(rawdata!$F$2:$F$3638,(rawdata!$A$2:$A$3638=transformed_data!$A10)*(rawdata!$B$2:$B$3638="Total Public Debt Outstanding"))} -> 8420041.5
A11: 38929 | B11: {=_xlfn._xlws.FILTER(rawdata!$F$2:$F$3638,(rawdata!$A$2:$A$3638=transformed_data!$A11)*(rawdata!$C$2:$C$3638=transformed_data!B$1))} -> 932693.75 | C11: {=_xlfn._xlws.FILTER(rawdata!$F$2:$F$3638,(rawdata!$A$2:$A$3638=transformed_data!$A11)*(rawdata!$C$2:$C$3638=transformed_data!C$1))} -> 2416903.4 | D11: {=_xlfn._xlws.FILTER(rawdata!$F$2:$F$3638,(rawdata!$A$2:$A$3638=transformed_data!$A11)*(rawdata!$C$2:$C$3638=transformed_data!D$1))} -> 523155.64 | E11: {=SUM(-B11:D11,_xlfn._xlws.FILTER(rawdata!$F$2:$F$3638,(rawdata!$A$2:$A$3638=transformed_data!$A11)*(rawdata!$B$2:$B$3638="Total Marketable")))} -> 407657.47 | F11: {=_xlfn._xlws.FILTER(rawdata!$F$2:$F$3638,(rawdata!$A$2:$A$3638=transformed_data!$A11)*(rawdata!$B$2:$B$3638="Total Nonmarketable"))} -> 4163936.5 | G11: {=_xlfn._xlws.FILTER(rawdata!$D$2:$D$3638,(rawdata!$A$2:$A$3638=transformed_data!$A11)*(rawdata!$B$2:$B$3638="Total Public Debt Outstanding"))} -> 4819732.1 | H11: {=_xlfn._xlws.FILTER(rawdata!$E$2:$E$3638,(rawdata!$A$2:$A$3638=transformed_data!$A11)*(rawdata!$B$2:$B$3638="Total Public Debt Outstanding"))} -> 3624614.5 | I11: {=_xlfn._xlws.FILTER(rawdata!$F$2:$F$3638,(rawdata!$A$2:$A$3638=transformed_data!$A11)*(rawdata!$B$2:$B$3638="Total Public Debt Outstanding"))} -> 8444346.8
A12: 38960 | B12: {=_xlfn._xlws.FILTER(rawdata!$F$2:$F$3638,(rawdata!$A$2:$A$3638=transformed_data!$A12)*(rawdata!$C$2:$C$3638=transformed_data!B$1))} -> 962312.92 | C12: {=_xlfn._xlws.FILTER(rawdata!$F$2:$F$3638,(rawdata!$A$2:$A$3638=transformed_data!$A12)*(rawdata!$C$2:$C$3638=transformed_data!C$1))} -> 2439162.8 | D12: {=_xlfn._xlws.FILTER(rawdata!$F$2:$F$3638,(rawdata!$A$2:$A$3638=transformed_data!$A12)*(rawdata!$C$2:$C$3638=transformed_data!D$1))} -> 534710.79 | E12: {=SUM(-B12:D12,_xlfn._xlws.FILTER(rawdata!$F$2:$F$3638,(rawdata!$A$2:$A$3638=transformed_data!$A12)*(rawdata!$B$2:$B$3638="Total Marketable")))} -> 408485.37 | F12: {=_xlfn._xlws.FILTER(rawdata!$F$2:$F$3638,(rawdata!$A$2:$A$3638=transformed_data!$A12)*(rawdata!$B$2:$B$3638="Total Nonmarketable"))} -> 4170361.9 | G12: {=_xlfn._xlws.FILTER(rawdata!$D$2:$D$3638,(rawdata!$A$2:$A$3638=transformed_data!$A12)*(rawdata!$B$2:$B$3638="Total Public Debt Outstanding"))} -> 4884685.2 | H12: {=_xlfn._xlws.FILTER(rawdata!$E$2:$E$3638,(rawdata!$A$2:$A$3638=transformed_data!$A12)*(rawdata!$B$2:$B$3638="Total Public Debt Outstanding"))} -> 3630348.5 | I12: {=_xlfn._xlws.FILTER(rawdata!$F$2:$F$3638,(rawdata!$A$2:$A$3638=transformed_data!$A12)*(rawdata!$B$2:$B$3638="Total Public Debt Outstanding"))} -> 8515033.8
A13: 38990 | B13: {=_xlfn._xlws.FILTER(rawdata!$F$2:$F$3638,(rawdata!$A$2:$A$3638=transformed_data!$A13)*(rawdata!$C$2:$C$3638=transformed_data!B$1))} -> 911530.57 | C13: {=_xlfn._xlws.FILTER(rawdata!$F$2:$F$3638,(rawdata!$A$2:$A$3638=transformed_data!$A13)*(rawdata!$C$2:$C$3638=transformed_data!C$1))} -> 2447160.2 | D13: {=_xlfn._xlws.FILTER(rawdata!$F$2:$F$3638,(rawdata!$A$2:$A$3638=transformed_data!$A13)*(rawdata!$C$2:$C$3638=transformed_data!D$1))} -> 534709.88 | E13: {=SUM(-B13:D13,_xlfn._xlws.FILTER(rawdata!$F$2:$F$3638,(rawdata!$A$2:$A$3638=transformed_data!$A13)*(rawdata!$B$2:$B$3638="Total Marketable")))} -> 409638.28 | F13: {=_xlfn._xlws.FILTER(rawdata!$F$2:$F$3638,(rawdata!$A$2:$A$3638=transformed_data!$A13)*(rawdata!$B$2:$B$3638="Total Nonmarketable"))} -> 4203935.3 | G13: {=_xlfn._xlws.FILTER(rawdata!$D$2:$D$3638,(rawdata!$A$2:$A$3638=transformed_data!$A13)*(rawdata!$B$2:$B$3638="Total Public Debt Outstanding"))} -> 4843120.6 | H13: {=_xlfn._xlws.FILTER(rawdata!$E$2:$E$3638,(rawdata!$A$2:$A$3638=transformed_data!$A13)*(rawdata!$B$2:$B$3638="Total Public Debt Outstanding"))} -> 3663853.3 | I13: {=_xlfn._xlws.FILTER(rawdata!$F$2:$F$3638,(rawdata!$A$2:$A$3638=transformed_data!$A13)*(rawdata!$B$2:$B$3638="Total Public Debt Outstanding"))} -> 8506974.2
A14: 39021 | B14: {=_xlfn._xlws.FILTER(rawdata!$F$2:$F$3638,(rawdata!$A$2:$A$3638=transformed_data!$A14)*(rawdata!$C$2:$C$3638=transformed_data!B$1))} -> 929516.57 | C14: {=_xlfn._xlws.FILTER(rawdata!$F$2:$F$3638,(rawdata!$A$2:$A$3638=transformed_data!$A14)*(rawdata!$C$2:$C$3638=transformed_data!C$1))} -> 2444385.1 | D14: {=_xlfn._xlws.FILTER(rawdata!$F$2:$F$3638,(rawdata!$A$2:$A$3638=transformed_data!$A14)*(rawdata!$C$2:$C$3638=transformed_data!D$1))} -> 534709.11 | E14: {=SUM(-B14:D14,_xlfn._xlws.FILTER(rawdata!$F$2:$F$3638,(rawdata!$A$2:$A$3638=transformed_data!$A14)*(rawdata!$B$2:$B$3638="Total Marketable")))} -> 429358.71 | F14: {=_xlfn._xlws.FILTER(rawdata!$F$2:$F$3638,(rawdata!$A$2:$A$3638=transformed_data!$A14)*(rawdata!$B$2:$B$3638="Total Nonmarketable"))} -> 4246360 | G14: {=_xlfn._xlws.FILTER(rawdata!$D$2:$D$3638,(rawdata!$A$2:$A$3638=transformed_data!$A14)*(rawdata!$B$2:$B$3638="Total Public Debt Outstanding"))} -> 4880611.3 | H14: {=_xlfn._xlws.FILTER(rawdata!$E$2:$E$3638,(rawdata!$A$2:$A$3638=transformed_data!$A14)*(rawdata!$B$2:$B$3638="Total Public Debt Outstanding"))} -> 3703718.2 | I14: {=_xlfn._xlws.FILTER(rawdata!$F$2:$F$3638,(rawdata!$A$2:$A$3638=transformed_data!$A14)*(rawdata!$B$2:$B$3638="Total Public Debt Outstanding"))} -> 8584329.5
... A242: 45961 | B242: {=_xlfn._xlws.FILTER(rawdata!$F$2:$F$3638,(rawdata!$A$2:$A$3638=transformed_data!$A242)*(rawdata!$C$2:$C$3638=transformed_data!B$1))} -> 6593194.2 | C242: {=_xlfn._xlws.FILTER(rawdata!$F$2:$F$3638,(rawdata!$A$2:$A$3638=transformed_data!$A242)*(rawdata!$C$2:$C$3638=transformed_data!C$1))} -> 15505682 | D242: {=_xlfn._xlws.FILTER(rawdata!$F$2:$F$3638,(rawdata!$A$2:$A$3638=transformed_data!$A242)*(rawdata!$C$2:$C$3638=transformed_data!D$1))} -> 5172699.3 | E242: {=SUM(-B242:D242,_xlfn._xlws.FILTER(rawdata!$F$2:$F$3638,(rawdata!$A$2:$A$3638=transformed_data!$A242)*(rawdata!$B$2:$B$3638="Total Marketable")))} -> 2726988.8 | F242: {=_xlfn._xlws.FILTER(rawdata!$F$2:$F$3638,(rawdata!$A$2:$A$3638=transformed_data!$A242)*(rawdata!$B$2:$B$3638="Total Nonmarketable"))} -> 8041529.9 | G242: {=_xlfn._xlws.FILTER(rawdata!$D$2:$D$3638,(rawdata!$A$2:$A$3638=transformed_data!$A242)*(rawdata!$B$2:$B$3638="Total Public Debt Outstanding"))} -> 30570708 | H242: {=_xlfn._xlws.FILTER(rawdata!$E$2:$E$3638,(rawdata!$A$2:$A$3638=transformed_data!$A242)*(rawdata!$B$2:$B$3638="Total Public Debt Outstanding"))} -> 7469385.4 | I242: {=_xlfn._xlws.FILTER(rawdata!$F$2:$F$3638,(rawdata!$A$2:$A$3638=transformed_data!$A242)*(rawdata!$B$2:$B$3638="Total Public Debt Outstanding"))} -> 38040094

Sheet share_of_debt
A1: Date | B1: Bills | C1: Notes | D1: Bonds | E1: Other Marketable | F1: Total Nonmarketable | G1: Total Outstanding National Debt
A2: {=_xlfn.UNIQUE(rawdata!A2:A3638)} -> 38656 | B2: =transformed_data!B2/transformed_data!$I2 -> 0.11667891 | C2: =transformed_data!C2/transformed_data!$I2 -> 0.29100982 | D2: =transformed_data!D2/transformed_data!$I2 -> 0.064867795 | E2: =transformed_data!E2/transformed_data!$I2 -> 0.042110538 | F2: =transformed_data!F2/transformed_data!$I2 -> 0.48533306 | G2: =SUM(B2:F2) -> 1.0000001
A3: 38686 | B3: =transformed_data!B3/transformed_data!$I3 -> 0.12195933 | C3: =transformed_data!C3/transformed_data!$I3 -> 0.28913767 | D3: =transformed_data!D3/transformed_data!$I3 -> 0.06384163 | E3: =transformed_data!E3/transformed_data!$I3 -> 0.042250835 | F3: =transformed_data!F3/transformed_data!$I3 -> 0.48281053 | G3: =SUM(B3:F3) -> 1
A4: 38717 | B4: =transformed_data!B4/transformed_data!$I4 -> 0.11797037 | C4: =transformed_data!C4/transformed_data!$I4 -> 0.28894416 | D4: =transformed_data!D4/transformed_data!$I4 -> 0.063230698 | E4: =transformed_data!E4/transformed_data!$I4 -> 0.041941299 | F4: =transformed_data!F4/transformed_data!$I4 -> 0.48791335 | G4: =SUM(B4:F4) -> 0.99999988
A5: 38748 | B5: =transformed_data!B5/transformed_data!$I5 -> 0.11667175 | C5: =transformed_data!C5/transformed_data!$I5 -> 0.28807739 | D5: =transformed_data!D5/transformed_data!$I5 -> 0.063032504 | E5: =transformed_data!E5/transformed_data!$I5 -> 0.044028491 | F5: =transformed_data!F5/transformed_data!$I5 -> 0.48818998 | G5: =SUM(B5:F5) -> 1.0000001
A6: 38776 | B6: =transformed_data!B6/transformed_data!$I6 -> 0.12086758 | C6: =transformed_data!C6/transformed_data!$I6 -> 0.28921099 | D6: =transformed_data!D6/transformed_data!$I6 -> 0.063690897 | E6: =transformed_data!E6/transformed_data!$I6 -> 0.043477107 | F6: =transformed_data!F6/transformed_data!$I6 -> 0.48275331 | G6: =SUM(B6:F6) -> 0.99999988
A7: 38807 | B7: =transformed_data!B7/transformed_data!$I7 -> 0.12448102 | C7: =transformed_data!C7/transformed_data!$I7 -> 0.2878631 | D7: =transformed_data!D7/transformed_data!$I7 -> 0.062918871 | E7: =transformed_data!E7/transformed_data!$I7 -> 0.043231684 | F7: =transformed_data!F7/transformed_data!$I7 -> 0.48150545 | G7: =SUM(B7:F7) -> 1.0000001
A8: 38837 | B8: =transformed_data!B8/transformed_data!$I8 -> 0.11550261 | C8: =transformed_data!C8/transformed_data!$I8 -> 0.28839411 | D8: =transformed_data!D8/transformed_data!$I8 -> 0.06303489 | E8: =transformed_data!E8/transformed_data!$I8 -> 0.045676073 | F8: =transformed_data!F8/transformed_data!$I8 -> 0.48739231 | G8: =SUM(B8:F8) -> 1
A9: 38868 | B9: =transformed_data!B9/transformed_data!$I9 -> 0.11421163 | C9: =transformed_data!C9/transformed_data!$I9 -> 0.28814764 | D9: =transformed_data!D9/transformed_data!$I9 -> 0.06260379 | E9: =transformed_data!E9/transformed_data!$I9 -> 0.045908961 | F9: =transformed_data!F9/transformed_data!$I9 -> 0.48912798 | G9: =SUM(B9:F9) -> 1
A10: 38898 | B10: =transformed_data!B10/transformed_data!$I10 -> 0.10887197 | C10: =transformed_data!C10/transformed_data!$I10 -> 0.28828804 | D10: =transformed_data!D10/transformed_data!$I10 -> 0.062132358 | E10: =transformed_data!E10/transformed_data!$I10 -> 0.045932871 | F10: =transformed_data!F10/transformed_data!$I10 -> 0.49477476 | G10: =SUM(B10:F10) -> 1
A11: 38929 | B11: =transformed_data!B11/transformed_data!$I11 -> 0.11045185 | C11: =transformed_data!C11/transformed_data!$I11 -> 0.28621555 | D11: =transformed_data!D11/transformed_data!$I11 -> 0.061953358 | E11: =transformed_data!E11/transformed_data!$I11 -> 0.048275785 | F11: =transformed_data!F11/transformed_data!$I11 -> 0.49310345 | G11: =SUM(B11:F11) -> 1
A12: 38960 | B12: =transformed_data!B12/transformed_data!$I12 -> 0.1130134 | C12: =transformed_data!C12/transformed_data!$I12 -> 0.28645368 | D12: =transformed_data!D12/transformed_data!$I12 -> 0.062796085 | E12: =transformed_data!E12/transformed_data!$I12 -> 0.047972255 | F12: =transformed_data!F12/transformed_data!$I12 -> 0.48976458 | G12: =SUM(B12:F12) -> 1
A13: 38990 | B13: =transformed_data!B13/transformed_data!$I13 -> 0.10715097 | C13: =transformed_data!C13/transformed_data!$I13 -> 0.28766517 | D13: =transformed_data!D13/transformed_data!$I13 -> 0.062855473 | E13: =transformed_data!E13/transformed_data!$I13 -> 0.04815323 | F13: =transformed_data!F13/transformed_data!$I13 -> 0.49417515 | G13: =SUM(B13:F13) -> 1
A14: 39021 | B14: =transformed_data!B14/transformed_data!$I14 -> 0.10828063 | C14: =transformed_data!C14/transformed_data!$I14 -> 0.28474968 | D14: =transformed_data!D14/transformed_data!$I14 -> 0.062288978 | E14: =transformed_data!E14/transformed_data!$I14 -> 0.050016569 | F14: =transformed_data!F14/transformed_data!$I14 -> 0.49466414 | G14: =SUM(B14:F14) -> 1
... A242: 45961 | B242: =transformed_data!B242/transformed_data!$I242 -> 0.17332224 | C242: =transformed_data!C242/transformed_data!$I242 -> 0.40761418 | D242: =transformed_data!D242/transformed_data!$I242 -> 0.13598019 | E242: =transformed_data!E242/transformed_data!$I242 -> 0.071687227 | F242: =transformed_data!F242/transformed_data!$I242 -> 0.21139616 | G242: =SUM(B242:F242) -> 1

Sheet share_of_marketable
A1: Date | B1: Bills | C1: Notes | D1: Bonds | E1: Other Marketable
A2: 38656 | B2: =transformed_data!$B2/SUM(transformed_data!$B2:$E2) -> 0.22670755 | C2: =transformed_data!$C2/SUM(transformed_data!$B2:$E2) -> 0.56543315 | D2: =transformed_data!$D2/SUM(transformed_data!$B2:$E2) -> 0.12603836 | E2: =transformed_data!$E2/SUM(transformed_data!$B2:$E2) -> 0.08182093
A3: 38686 | B3: =transformed_data!$B3/SUM(transformed_data!$B3:$E3) -> 0.23581171 | C3: =transformed_data!$C3/SUM(transformed_data!$B3:$E3) -> 0.55905561 | D3: =transformed_data!$D3/SUM(transformed_data!$B3:$E3) -> 0.12343954 | E3: =transformed_data!$E3/SUM(transformed_data!$B3:$E3) -> 0.081693146
A4: 38717 | B4: =transformed_data!$B4/SUM(transformed_data!$B4:$E4) -> 0.23037195 | C4: =transformed_data!$C4/SUM(transformed_data!$B4:$E4) -> 0.5642487 | D4: =transformed_data!$D4/SUM(transformed_data!$B4:$E4) -> 0.12347659 | E4: =transformed_data!$E4/SUM(transformed_data!$B4:$E4) -> 0.081902759
A5: 38748 | B5: =transformed_data!$B5/SUM(transformed_data!$B5:$E5) -> 0.22795905 | C5: =transformed_data!$C5/SUM(transformed_data!$B5:$E5) -> 0.56285988 | D5: =transformed_data!$D5/SUM(transformed_data!$B5:$E5) -> 0.12315603 | E5: =transformed_data!$E5/SUM(transformed_data!$B5:$E5) -> 0.086025046
A6: 38776 | B6: =transformed_data!$B6/SUM(transformed_data!$B6:$E6) -> 0.23367497 | C6: =transformed_data!$C6/SUM(transformed_data!$B6:$E6) -> 0.55913563 | D6: =transformed_data!$D6/SUM(transformed_data!$B6:$E6) -> 0.1231345 | E6: =transformed_data!$E6/SUM(transformed_data!$B6:$E6) -> 0.084054898
A7: 38807 | B7: =transformed_data!$B7/SUM(transformed_data!$B7:$E7) -> 0.24008158 | C7: =transformed_data!$C7/SUM(transformed_data!$B7:$E7) -> 0.55519008 | D7: =transformed_data!$D7/SUM(transformed_data!$B7:$E7) -> 0.12134912 | E7: =transformed_data!$E7/SUM(transformed_data!$B7:$E7) -> 0.083379226
A8: 38837 | B8: =transformed_data!$B8/SUM(transformed_data!$B8:$E8) -> 0.22532361 | C8: =transformed_data!$C8/SUM(transformed_data!$B8:$E8) -> 0.562602 | D8: =transformed_data!$D8/SUM(transformed_data!$B8:$E8) -> 0.12296907 | E8: =transformed_data!$E8/SUM(transformed_data!$B8:$E8) -> 0.089105322
A9: 38868 | B9: =transformed_data!$B9/SUM(transformed_data!$B9:$E9) -> 0.22356211 | C9: =transformed_data!$C9/SUM(transformed_data!$B9:$E9) -> 0.56403097 | D9: =transformed_data!$D9/SUM(transformed_data!$B9:$E9) -> 0.122543 | E9: =transformed_data!$E9/SUM(transformed_data!$B9:$E9) -> 0.089863916
A10: 38898 | B10: =transformed_data!$B10/SUM(transformed_data!$B10:$E10) -> 0.21549195 | C10: =transformed_data!$C10/SUM(transformed_data!$B10:$E10) -> 0.5706129 | D10: =transformed_data!$D10/SUM(transformed_data!$B10:$E10) -> 0.12297952 | E10: =transformed_data!$E10/SUM(transformed_data!$B10:$E10) -> 0.09091563
A11: 38929 | B11: =transformed_data!$B11/SUM(transformed_data!$B11:$E11) -> 0.21789822 | C11: =transformed_data!$C11/SUM(transformed_data!$B11:$E11) -> 0.56464293 | D11: =transformed_data!$D11/SUM(transformed_data!$B11:$E11) -> 0.12222091 | E11: =transformed_data!$E11/SUM(transformed_data!$B11:$E11) -> 0.095237944
A12: 38960 | B12: =transformed_data!$B12/SUM(transformed_data!$B12:$E12) -> 0.22149266 | C12: =transformed_data!$C12/SUM(transformed_data!$B12:$E12) -> 0.56141473 | D12: =transformed_data!$D12/SUM(transformed_data!$B12:$E12) -> 0.12307277 | E12: =transformed_data!$E12/SUM(transformed_data!$B12:$E12) -> 0.094019844
A13: 38990 | B13: =transformed_data!$B13/SUM(transformed_data!$B13:$E13) -> 0.21183415 | C13: =transformed_data!$C13/SUM(transformed_data!$B13:$E13) -> 0.5687051 | D13: =transformed_data!$D13/SUM(transformed_data!$B13:$E13) -> 0.12426332 | E13: =transformed_data!$E13/SUM(transformed_data!$B13:$E13) -> 0.095197439
... A242: 45961 | B242: =transformed_data!$B242/SUM(transformed_data!$B242:$E242) -> 0.21978366 | C242: =transformed_data!$C242/SUM(transformed_data!$B242:$E242) -> 0.5168808 | D242: =transformed_data!$D242/SUM(transformed_data!$B242:$E242) -> 0.17243156 | E242: =transformed_data!$E242/SUM(transformed_data!$B242:$E242) -> 0.090903979

Sheet public_vs_intragovernmental
A1: Date | B1: Total Debt held by the Public | C1: Total Intragovernmental Debt | D1: Total Outstanding National Debt | E1: Public share | F1: Intragovernmental share
A2: 38656 | B2: 4650515.8 | C2: 3376607.1 | D2: 8027122.9 | E2: =Table1[[#This Row],[Total Debt held by the Public]]/Table1[[#This Row],[Total Outstanding National Debt]] -> 0.57935026 | F2: =Table1[[#This Row],[Total Intragovernmental Debt]]/Table1[[#This Row],[Total Outstanding National Debt]] -> 0.42064972
A3: 38686 | B3: 4709403 | C3: 3382919.4 | D3: 8092321.5 | E3: =Table1[[#This Row],[Total Debt held by the Public]]/Table1[[#This Row],[Total Outstanding National Debt]] -> 0.58195945 | F3: =Table1[[#This Row],[Total Intragovernmental Debt]]/Table1[[#This Row],[Total Outstanding National Debt]] -> 0.41804066
A4: 38717 | B4: 4714820.6 | C4: 3455592.4 | D4: 8170414.3 | E4: =Table1[[#This Row],[Total Debt held by the Public]]/Table1[[#This Row],[Total Outstanding National Debt]] -> 0.57706016 | F4: =Table1[[#This Row],[Total Intragovernmental Debt]]/Table1[[#This Row],[Total Outstanding National Debt]] -> 0.42293968
A5: 38748 | B5: 4724636.9 | C5: 3471432.8 | D5: 8196069.8 | E5: =Table1[[#This Row],[Total Debt held by the Public]]/Table1[[#This Row],[Total Outstanding National Debt]] -> 0.57645153 | F5: =Table1[[#This Row],[Total Intragovernmental Debt]]/Table1[[#This Row],[Total Outstanding National Debt]] -> 0.42354847
A6: 38776 | B6: 4771117.3 | C6: 3498768.9 | D6: 8269886.3 | E6: =Table1[[#This Row],[Total Debt held by the Public]]/Table1[[#This Row],[Total Outstanding National Debt]] -> 0.57692659 | F6: =Table1[[#This Row],[Total Intragovernmental Debt]]/Table1[[#This Row],[Total Outstanding National Debt]] -> 0.4230734
A7: 38807 | B7: 4872484.6 | C7: 3498672 | D7: 8371155.7 | E7: =Table1[[#This Row],[Total Debt held by the Public]]/Table1[[#This Row],[Total Outstanding National Debt]] -> 0.58205639 | F7: =Table1[[#This Row],[Total Intragovernmental Debt]]/Table1[[#This Row],[Total Outstanding National Debt]] -> 0.41794373
A8: 38837 | B8: 4819948.6 | C8: 3535769.2 | D8: 8355717.9 | E8: =Table1[[#This Row],[Total Debt held by the Public]]/Table1[[#This Row],[Total Outstanding National Debt]] -> 0.57684434 | F8: =Table1[[#This Row],[Total Intragovernmental Debt]]/Table1[[#This Row],[Total Outstanding National Debt]] -> 0.42315565
A9: 38868 | B9: 4807517.3 | C9: 3549259.7 | D9: 8356777 | E9: =Table1[[#This Row],[Total Debt held by the Public]]/Table1[[#This Row],[Total Outstanding National Debt]] -> 0.57528366 | F9: =Table1[[#This Row],[Total Intragovernmental Debt]]/Table1[[#This Row],[Total Outstanding National Debt]] -> 0.42471634
A10: 38898 | B10: 4797204.3 | C10: 3622838.2 | D10: 8420041.5 | E10: =Table1[[#This Row],[Total Debt held by the Public]]/Table1[[#This Row],[Total Outstanding National Debt]] -> 0.56973642 | F10: =Table1[[#This Row],[Total Intragovernmental Debt]]/Table1[[#This Row],[Total Outstanding National Debt]] -> 0.4302637
A11: 38929 | B11: 4819732.1 | C11: 3624614.5 | D11: 8444346.8 | E11: =Table1[[#This Row],[Total Debt held by the Public]]/Table1[[#This Row],[Total Outstanding National Debt]] -> 0.57076436 | F11: =Table1[[#This Row],[Total Intragovernmental Debt]]/Table1[[#This Row],[Total Outstanding National Debt]] -> 0.42923562
A12: 38960 | B12: 4884685.2 | C12: 3630348.5 | D12: 8515033.8 | E12: =Table1[[#This Row],[Total Debt held by the Public]]/Table1[[#This Row],[Total Outstanding National Debt]] -> 0.57365423 | F12: =Table1[[#This Row],[Total Intragovernmental Debt]]/Table1[[#This Row],[Total Outstanding National Debt]] -> 0.42634575
A13: 38990 | B13: 4843120.6 | C13: 3663853.3 | D13: 8506974.2 | E13: =Table1[[#This Row],[Total Debt held by the Public]]/Table1[[#This Row],[Total Outstanding National Debt]] -> 0.56931178 | F13: =Table1[[#This Row],[Total Intragovernmental Debt]]/Table1[[#This Row],[Total Outstanding National Debt]] -> 0.43068819
... A242: 45961 | B242: 30570708 | C242: 7469385.4 | D242: 38040094 | E242: =Table1[[#This Row],[Total Debt held by the Public]]/Table1[[#This Row],[Total Outstanding National Debt]] -> 0.8036444 | F242: =Table1[[#This Row],[Total Intragovernmental Debt]]/Table1[[#This Row],[Total Outstanding National Debt]] -> 0.1963556

Sheet pvt_total_debt
A3: Date | B3: Bills | C3: Notes | D3: Bonds | E3: Other Marketable | F3: Total Nonmarketable
A4: 38656 | B4: 936595.96 | C4: 2335971.6 | D4: 520701.76 | E4: 338026.46 | F4: 3895828.2
A5: 38686 | B5: 986934.12 | C5: 2339795 | D5: 516627 | E5: 341907.34 | F5: 3907058.1
A6: 38717 | B6: 963866.81 | C6: 2360793.5 | D6: 516621 | E6: 342677.79 | F6: 3986454.3
A7: 38748 | B7: 956249.82 | C7: 2361102.4 | D7: 516618.8 | E7: 360860.59 | F7: 4001239.2
A8: 38776 | B8: 999561.13 | C8: 2391742 | D8: 526716.48 | E8: 359550.74 | F8: 3992315
A9: 38807 | B9: 1042050 | C9: 2409746.8 | D9: 526703.66 | E9: 361899.16 | F9: 4030757.1
A10: 38837 | B10: 965107.25 | C10: 2409739.9 | D10: 526701.76 | E10: 381656.38 | F10: 4072512.6
A11: 38868 | B11: 954441.12 | C11: 2407985.6 | D11: 523165.91 | E11: 383650.95 | F11: 4087533.4
A12: 38898 | B12: 916706.52 | C12: 2427397.2 | D12: 523157.03 | E12: 386756.68 | F12: 4166024
A13: 38929 | B13: 932693.75 | C13: 2416903.4 | D13: 523155.64 | E13: 407657.47 | F13: 4163936.5
A14: 38960 | B14: 962312.92 | C14: 2439162.8 | D14: 534710.79 | E14: 408485.37 | F14: 4170361.9
A15: 38990 | B15: 911530.57 | C15: 2447160.2 | D15: 534709.88 | E15: 409638.28 | F15: 4203935.3
... A244: 45961 | B244: 6593194.2 | C244: 15505682 | D244: 5172699.3 | E244: 2726988.8 | F244: 8041529.9
A245: Average | B245: 6.1380074e+08 | C245: 1.9946987e+09 | D245: 4.8563681e+08 | E245: 3.3751828e+08 | F245: 1.4121055e+09
